id,z_coord,x_coord,y_coord,path
1,9,81,317,project/static/tiles/9/81/317.png
2,9,81,316,project/static/tiles/9/81/316.png
3,9,81,314,project/static/tiles/9/81/314.png
4,9,81,315,project/static/tiles/9/81/315.png
5,9,81,318,project/static/tiles/9/81/318.png
6,9,83,317,project/static/tiles/9/83/317.png
7,9,83,316,project/static/tiles/9/83/316.png
8,9,83,314,project/static/tiles/9/83/314.png
9,9,83,315,project/static/tiles/9/83/315.png
10,9,83,318,project/static/tiles/9/83/318.png
11,9,84,317,project/static/tiles/9/84/317.png
12,9,84,316,project/static/tiles/9/84/316.png
13,9,84,314,project/static/tiles/9/84/314.png
14,9,84,315,project/static/tiles/9/84/315.png
15,9,84,318,project/static/tiles/9/84/318.png
16,9,82,317,project/static/tiles/9/82/317.png
17,9,82,316,project/static/tiles/9/82/316.png
18,9,82,314,project/static/tiles/9/82/314.png
19,9,82,315,project/static/tiles/9/82/315.png
20,9,82,318,project/static/tiles/9/82/318.png
21,11,338,1256,project/static/tiles/11/338/1256.png
22,11,338,1257,project/static/tiles/11/338/1257.png
23,11,338,1269,project/static/tiles/11/338/1269.png
24,11,338,1268,project/static/tiles/11/338/1268.png
25,11,338,1259,project/static/tiles/11/338/1259.png
26,11,338,1271,project/static/tiles/11/338/1271.png
27,11,338,1265,project/static/tiles/11/338/1265.png
28,11,338,1264,project/static/tiles/11/338/1264.png
29,11,338,1270,project/static/tiles/11/338/1270.png
30,11,338,1258,project/static/tiles/11/338/1258.png
31,11,338,1266,project/static/tiles/11/338/1266.png
32,11,338,1272,project/static/tiles/11/338/1272.png
33,11,338,1267,project/static/tiles/11/338/1267.png
34,11,338,1263,project/static/tiles/11/338/1263.png
35,11,338,1262,project/static/tiles/11/338/1262.png
36,11,338,1260,project/static/tiles/11/338/1260.png
37,11,338,1261,project/static/tiles/11/338/1261.png
38,11,336,1256,project/static/tiles/11/336/1256.png
39,11,336,1257,project/static/tiles/11/336/1257.png
40,11,336,1269,project/static/tiles/11/336/1269.png
41,11,336,1268,project/static/tiles/11/336/1268.png
42,11,336,1259,project/static/tiles/11/336/1259.png
43,11,336,1271,project/static/tiles/11/336/1271.png
44,11,336,1265,project/static/tiles/11/336/1265.png
45,11,336,1264,project/static/tiles/11/336/1264.png
46,11,336,1270,project/static/tiles/11/336/1270.png
47,11,336,1258,project/static/tiles/11/336/1258.png
48,11,336,1266,project/static/tiles/11/336/1266.png
49,11,336,1272,project/static/tiles/11/336/1272.png
50,11,336,1267,project/static/tiles/11/336/1267.png
51,11,336,1263,project/static/tiles/11/336/1263.png
52,11,336,1262,project/static/tiles/11/336/1262.png
53,11,336,1260,project/static/tiles/11/336/1260.png
54,11,336,1261,project/static/tiles/11/336/1261.png
55,11,331,1256,project/static/tiles/11/331/1256.png
56,11,331,1257,project/static/tiles/11/331/1257.png
57,11,331,1269,project/static/tiles/11/331/1269.png
58,11,331,1268,project/static/tiles/11/331/1268.png
59,11,331,1259,project/static/tiles/11/331/1259.png
60,11,331,1271,project/static/tiles/11/331/1271.png
61,11,331,1265,project/static/tiles/11/331/1265.png
62,11,331,1264,project/static/tiles/11/331/1264.png
63,11,331,1270,project/static/tiles/11/331/1270.png
64,11,331,1258,project/static/tiles/11/331/1258.png
65,11,331,1266,project/static/tiles/11/331/1266.png
66,11,331,1272,project/static/tiles/11/331/1272.png
67,11,331,1267,project/static/tiles/11/331/1267.png
68,11,331,1263,project/static/tiles/11/331/1263.png
69,11,331,1262,project/static/tiles/11/331/1262.png
70,11,331,1260,project/static/tiles/11/331/1260.png
71,11,331,1261,project/static/tiles/11/331/1261.png
72,11,330,1256,project/static/tiles/11/330/1256.png
73,11,330,1257,project/static/tiles/11/330/1257.png
74,11,330,1269,project/static/tiles/11/330/1269.png
75,11,330,1268,project/static/tiles/11/330/1268.png
76,11,330,1259,project/static/tiles/11/330/1259.png
77,11,330,1271,project/static/tiles/11/330/1271.png
78,11,330,1265,project/static/tiles/11/330/1265.png
79,11,330,1264,project/static/tiles/11/330/1264.png
80,11,330,1270,project/static/tiles/11/330/1270.png
81,11,330,1258,project/static/tiles/11/330/1258.png
82,11,330,1266,project/static/tiles/11/330/1266.png
83,11,330,1272,project/static/tiles/11/330/1272.png
84,11,330,1267,project/static/tiles/11/330/1267.png
85,11,330,1263,project/static/tiles/11/330/1263.png
86,11,330,1262,project/static/tiles/11/330/1262.png
87,11,330,1260,project/static/tiles/11/330/1260.png
88,11,330,1261,project/static/tiles/11/330/1261.png
89,11,337,1256,project/static/tiles/11/337/1256.png
90,11,337,1257,project/static/tiles/11/337/1257.png
91,11,337,1269,project/static/tiles/11/337/1269.png
92,11,337,1268,project/static/tiles/11/337/1268.png
93,11,337,1259,project/static/tiles/11/337/1259.png
94,11,337,1271,project/static/tiles/11/337/1271.png
95,11,337,1265,project/static/tiles/11/337/1265.png
96,11,337,1264,project/static/tiles/11/337/1264.png
97,11,337,1270,project/static/tiles/11/337/1270.png
98,11,337,1258,project/static/tiles/11/337/1258.png
99,11,337,1266,project/static/tiles/11/337/1266.png
100,11,337,1272,project/static/tiles/11/337/1272.png
101,11,337,1267,project/static/tiles/11/337/1267.png
102,11,337,1263,project/static/tiles/11/337/1263.png
103,11,337,1262,project/static/tiles/11/337/1262.png
104,11,337,1260,project/static/tiles/11/337/1260.png
105,11,337,1261,project/static/tiles/11/337/1261.png
106,11,339,1256,project/static/tiles/11/339/1256.png
107,11,339,1257,project/static/tiles/11/339/1257.png
108,11,339,1269,project/static/tiles/11/339/1269.png
109,11,339,1268,project/static/tiles/11/339/1268.png
110,11,339,1259,project/static/tiles/11/339/1259.png
111,11,339,1271,project/static/tiles/11/339/1271.png
112,11,339,1265,project/static/tiles/11/339/1265.png
113,11,339,1264,project/static/tiles/11/339/1264.png
114,11,339,1270,project/static/tiles/11/339/1270.png
115,11,339,1258,project/static/tiles/11/339/1258.png
116,11,339,1266,project/static/tiles/11/339/1266.png
117,11,339,1272,project/static/tiles/11/339/1272.png
118,11,339,1267,project/static/tiles/11/339/1267.png
119,11,339,1263,project/static/tiles/11/339/1263.png
120,11,339,1262,project/static/tiles/11/339/1262.png
121,11,339,1260,project/static/tiles/11/339/1260.png
122,11,339,1261,project/static/tiles/11/339/1261.png
123,11,324,1256,project/static/tiles/11/324/1256.png
124,11,324,1257,project/static/tiles/11/324/1257.png
125,11,324,1269,project/static/tiles/11/324/1269.png
126,11,324,1268,project/static/tiles/11/324/1268.png
127,11,324,1259,project/static/tiles/11/324/1259.png
128,11,324,1271,project/static/tiles/11/324/1271.png
129,11,324,1265,project/static/tiles/11/324/1265.png
130,11,324,1264,project/static/tiles/11/324/1264.png
131,11,324,1270,project/static/tiles/11/324/1270.png
132,11,324,1258,project/static/tiles/11/324/1258.png
133,11,324,1266,project/static/tiles/11/324/1266.png
134,11,324,1272,project/static/tiles/11/324/1272.png
135,11,324,1267,project/static/tiles/11/324/1267.png
136,11,324,1263,project/static/tiles/11/324/1263.png
137,11,324,1262,project/static/tiles/11/324/1262.png
138,11,324,1260,project/static/tiles/11/324/1260.png
139,11,324,1261,project/static/tiles/11/324/1261.png
140,11,325,1256,project/static/tiles/11/325/1256.png
141,11,325,1257,project/static/tiles/11/325/1257.png
142,11,325,1269,project/static/tiles/11/325/1269.png
143,11,325,1268,project/static/tiles/11/325/1268.png
144,11,325,1259,project/static/tiles/11/325/1259.png
145,11,325,1271,project/static/tiles/11/325/1271.png
146,11,325,1265,project/static/tiles/11/325/1265.png
147,11,325,1264,project/static/tiles/11/325/1264.png
148,11,325,1270,project/static/tiles/11/325/1270.png
149,11,325,1258,project/static/tiles/11/325/1258.png
150,11,325,1266,project/static/tiles/11/325/1266.png
151,11,325,1272,project/static/tiles/11/325/1272.png
152,11,325,1267,project/static/tiles/11/325/1267.png
153,11,325,1263,project/static/tiles/11/325/1263.png
154,11,325,1262,project/static/tiles/11/325/1262.png
155,11,325,1260,project/static/tiles/11/325/1260.png
156,11,325,1261,project/static/tiles/11/325/1261.png
157,11,332,1256,project/static/tiles/11/332/1256.png
158,11,332,1257,project/static/tiles/11/332/1257.png
159,11,332,1269,project/static/tiles/11/332/1269.png
160,11,332,1268,project/static/tiles/11/332/1268.png
161,11,332,1259,project/static/tiles/11/332/1259.png
162,11,332,1271,project/static/tiles/11/332/1271.png
163,11,332,1265,project/static/tiles/11/332/1265.png
164,11,332,1264,project/static/tiles/11/332/1264.png
165,11,332,1270,project/static/tiles/11/332/1270.png
166,11,332,1258,project/static/tiles/11/332/1258.png
167,11,332,1266,project/static/tiles/11/332/1266.png
168,11,332,1272,project/static/tiles/11/332/1272.png
169,11,332,1267,project/static/tiles/11/332/1267.png
170,11,332,1263,project/static/tiles/11/332/1263.png
171,11,332,1262,project/static/tiles/11/332/1262.png
172,11,332,1260,project/static/tiles/11/332/1260.png
173,11,332,1261,project/static/tiles/11/332/1261.png
174,11,335,1256,project/static/tiles/11/335/1256.png
175,11,335,1257,project/static/tiles/11/335/1257.png
176,11,335,1269,project/static/tiles/11/335/1269.png
177,11,335,1268,project/static/tiles/11/335/1268.png
178,11,335,1259,project/static/tiles/11/335/1259.png
179,11,335,1271,project/static/tiles/11/335/1271.png
180,11,335,1265,project/static/tiles/11/335/1265.png
181,11,335,1264,project/static/tiles/11/335/1264.png
182,11,335,1270,project/static/tiles/11/335/1270.png
183,11,335,1258,project/static/tiles/11/335/1258.png
184,11,335,1266,project/static/tiles/11/335/1266.png
185,11,335,1272,project/static/tiles/11/335/1272.png
186,11,335,1267,project/static/tiles/11/335/1267.png
187,11,335,1263,project/static/tiles/11/335/1263.png
188,11,335,1262,project/static/tiles/11/335/1262.png
189,11,335,1260,project/static/tiles/11/335/1260.png
190,11,335,1261,project/static/tiles/11/335/1261.png
191,11,334,1256,project/static/tiles/11/334/1256.png
192,11,334,1257,project/static/tiles/11/334/1257.png
193,11,334,1269,project/static/tiles/11/334/1269.png
194,11,334,1268,project/static/tiles/11/334/1268.png
195,11,334,1259,project/static/tiles/11/334/1259.png
196,11,334,1271,project/static/tiles/11/334/1271.png
197,11,334,1265,project/static/tiles/11/334/1265.png
198,11,334,1264,project/static/tiles/11/334/1264.png
199,11,334,1270,project/static/tiles/11/334/1270.png
200,11,334,1258,project/static/tiles/11/334/1258.png
201,11,334,1266,project/static/tiles/11/334/1266.png
202,11,334,1272,project/static/tiles/11/334/1272.png
203,11,334,1267,project/static/tiles/11/334/1267.png
204,11,334,1263,project/static/tiles/11/334/1263.png
205,11,334,1262,project/static/tiles/11/334/1262.png
206,11,334,1260,project/static/tiles/11/334/1260.png
207,11,334,1261,project/static/tiles/11/334/1261.png
208,11,333,1256,project/static/tiles/11/333/1256.png
209,11,333,1257,project/static/tiles/11/333/1257.png
210,11,333,1269,project/static/tiles/11/333/1269.png
211,11,333,1268,project/static/tiles/11/333/1268.png
212,11,333,1259,project/static/tiles/11/333/1259.png
213,11,333,1271,project/static/tiles/11/333/1271.png
214,11,333,1265,project/static/tiles/11/333/1265.png
215,11,333,1264,project/static/tiles/11/333/1264.png
216,11,333,1270,project/static/tiles/11/333/1270.png
217,11,333,1258,project/static/tiles/11/333/1258.png
218,11,333,1266,project/static/tiles/11/333/1266.png
219,11,333,1272,project/static/tiles/11/333/1272.png
220,11,333,1267,project/static/tiles/11/333/1267.png
221,11,333,1263,project/static/tiles/11/333/1263.png
222,11,333,1262,project/static/tiles/11/333/1262.png
223,11,333,1260,project/static/tiles/11/333/1260.png
224,11,333,1261,project/static/tiles/11/333/1261.png
225,11,327,1256,project/static/tiles/11/327/1256.png
226,11,327,1257,project/static/tiles/11/327/1257.png
227,11,327,1269,project/static/tiles/11/327/1269.png
228,11,327,1268,project/static/tiles/11/327/1268.png
229,11,327,1259,project/static/tiles/11/327/1259.png
230,11,327,1271,project/static/tiles/11/327/1271.png
231,11,327,1265,project/static/tiles/11/327/1265.png
232,11,327,1264,project/static/tiles/11/327/1264.png
233,11,327,1270,project/static/tiles/11/327/1270.png
234,11,327,1258,project/static/tiles/11/327/1258.png
235,11,327,1266,project/static/tiles/11/327/1266.png
236,11,327,1272,project/static/tiles/11/327/1272.png
237,11,327,1267,project/static/tiles/11/327/1267.png
238,11,327,1263,project/static/tiles/11/327/1263.png
239,11,327,1262,project/static/tiles/11/327/1262.png
240,11,327,1260,project/static/tiles/11/327/1260.png
241,11,327,1261,project/static/tiles/11/327/1261.png
242,11,329,1256,project/static/tiles/11/329/1256.png
243,11,329,1257,project/static/tiles/11/329/1257.png
244,11,329,1269,project/static/tiles/11/329/1269.png
245,11,329,1268,project/static/tiles/11/329/1268.png
246,11,329,1259,project/static/tiles/11/329/1259.png
247,11,329,1271,project/static/tiles/11/329/1271.png
248,11,329,1265,project/static/tiles/11/329/1265.png
249,11,329,1264,project/static/tiles/11/329/1264.png
250,11,329,1270,project/static/tiles/11/329/1270.png
251,11,329,1258,project/static/tiles/11/329/1258.png
252,11,329,1266,project/static/tiles/11/329/1266.png
253,11,329,1272,project/static/tiles/11/329/1272.png
254,11,329,1267,project/static/tiles/11/329/1267.png
255,11,329,1263,project/static/tiles/11/329/1263.png
256,11,329,1262,project/static/tiles/11/329/1262.png
257,11,329,1260,project/static/tiles/11/329/1260.png
258,11,329,1261,project/static/tiles/11/329/1261.png
259,11,328,1256,project/static/tiles/11/328/1256.png
260,11,328,1257,project/static/tiles/11/328/1257.png
261,11,328,1269,project/static/tiles/11/328/1269.png
262,11,328,1268,project/static/tiles/11/328/1268.png
263,11,328,1259,project/static/tiles/11/328/1259.png
264,11,328,1271,project/static/tiles/11/328/1271.png
265,11,328,1265,project/static/tiles/11/328/1265.png
266,11,328,1264,project/static/tiles/11/328/1264.png
267,11,328,1270,project/static/tiles/11/328/1270.png
268,11,328,1258,project/static/tiles/11/328/1258.png
269,11,328,1266,project/static/tiles/11/328/1266.png
270,11,328,1272,project/static/tiles/11/328/1272.png
271,11,328,1267,project/static/tiles/11/328/1267.png
272,11,328,1263,project/static/tiles/11/328/1263.png
273,11,328,1262,project/static/tiles/11/328/1262.png
274,11,328,1260,project/static/tiles/11/328/1260.png
275,11,328,1261,project/static/tiles/11/328/1261.png
276,11,326,1256,project/static/tiles/11/326/1256.png
277,11,326,1257,project/static/tiles/11/326/1257.png
278,11,326,1269,project/static/tiles/11/326/1269.png
279,11,326,1268,project/static/tiles/11/326/1268.png
280,11,326,1259,project/static/tiles/11/326/1259.png
281,11,326,1271,project/static/tiles/11/326/1271.png
282,11,326,1265,project/static/tiles/11/326/1265.png
283,11,326,1264,project/static/tiles/11/326/1264.png
284,11,326,1270,project/static/tiles/11/326/1270.png
285,11,326,1258,project/static/tiles/11/326/1258.png
286,11,326,1266,project/static/tiles/11/326/1266.png
287,11,326,1272,project/static/tiles/11/326/1272.png
288,11,326,1267,project/static/tiles/11/326/1267.png
289,11,326,1263,project/static/tiles/11/326/1263.png
290,11,326,1262,project/static/tiles/11/326/1262.png
291,11,326,1260,project/static/tiles/11/326/1260.png
292,11,326,1261,project/static/tiles/11/326/1261.png
293,7,20,78,project/static/tiles/7/20/78.png
294,7,20,79,project/static/tiles/7/20/79.png
295,7,21,78,project/static/tiles/7/21/78.png
296,7,21,79,project/static/tiles/7/21/79.png
297,10,168,629,project/static/tiles/10/168/629.png
298,10,168,628,project/static/tiles/10/168/628.png
299,10,168,631,project/static/tiles/10/168/631.png
300,10,168,630,project/static/tiles/10/168/630.png
301,10,168,632,project/static/tiles/10/168/632.png
302,10,168,633,project/static/tiles/10/168/633.png
303,10,168,636,project/static/tiles/10/168/636.png
304,10,168,634,project/static/tiles/10/168/634.png
305,10,168,635,project/static/tiles/10/168/635.png
306,10,166,629,project/static/tiles/10/166/629.png
307,10,166,628,project/static/tiles/10/166/628.png
308,10,166,631,project/static/tiles/10/166/631.png
309,10,166,630,project/static/tiles/10/166/630.png
310,10,166,632,project/static/tiles/10/166/632.png
311,10,166,633,project/static/tiles/10/166/633.png
312,10,166,636,project/static/tiles/10/166/636.png
313,10,166,634,project/static/tiles/10/166/634.png
314,10,166,635,project/static/tiles/10/166/635.png
315,10,167,629,project/static/tiles/10/167/629.png
316,10,167,628,project/static/tiles/10/167/628.png
317,10,167,631,project/static/tiles/10/167/631.png
318,10,167,630,project/static/tiles/10/167/630.png
319,10,167,632,project/static/tiles/10/167/632.png
320,10,167,633,project/static/tiles/10/167/633.png
321,10,167,636,project/static/tiles/10/167/636.png
322,10,167,634,project/static/tiles/10/167/634.png
323,10,167,635,project/static/tiles/10/167/635.png
324,10,169,629,project/static/tiles/10/169/629.png
325,10,169,628,project/static/tiles/10/169/628.png
326,10,169,631,project/static/tiles/10/169/631.png
327,10,169,630,project/static/tiles/10/169/630.png
328,10,169,632,project/static/tiles/10/169/632.png
329,10,169,633,project/static/tiles/10/169/633.png
330,10,169,636,project/static/tiles/10/169/636.png
331,10,169,634,project/static/tiles/10/169/634.png
332,10,169,635,project/static/tiles/10/169/635.png
333,10,162,629,project/static/tiles/10/162/629.png
334,10,162,628,project/static/tiles/10/162/628.png
335,10,162,631,project/static/tiles/10/162/631.png
336,10,162,630,project/static/tiles/10/162/630.png
337,10,162,632,project/static/tiles/10/162/632.png
338,10,162,633,project/static/tiles/10/162/633.png
339,10,162,636,project/static/tiles/10/162/636.png
340,10,162,634,project/static/tiles/10/162/634.png
341,10,162,635,project/static/tiles/10/162/635.png
342,10,165,629,project/static/tiles/10/165/629.png
343,10,165,628,project/static/tiles/10/165/628.png
344,10,165,631,project/static/tiles/10/165/631.png
345,10,165,630,project/static/tiles/10/165/630.png
346,10,165,632,project/static/tiles/10/165/632.png
347,10,165,633,project/static/tiles/10/165/633.png
348,10,165,636,project/static/tiles/10/165/636.png
349,10,165,634,project/static/tiles/10/165/634.png
350,10,165,635,project/static/tiles/10/165/635.png
351,10,164,629,project/static/tiles/10/164/629.png
352,10,164,628,project/static/tiles/10/164/628.png
353,10,164,631,project/static/tiles/10/164/631.png
354,10,164,630,project/static/tiles/10/164/630.png
355,10,164,632,project/static/tiles/10/164/632.png
356,10,164,633,project/static/tiles/10/164/633.png
357,10,164,636,project/static/tiles/10/164/636.png
358,10,164,634,project/static/tiles/10/164/634.png
359,10,164,635,project/static/tiles/10/164/635.png
360,10,163,629,project/static/tiles/10/163/629.png
361,10,163,628,project/static/tiles/10/163/628.png
362,10,163,631,project/static/tiles/10/163/631.png
363,10,163,630,project/static/tiles/10/163/630.png
364,10,163,632,project/static/tiles/10/163/632.png
365,10,163,633,project/static/tiles/10/163/633.png
366,10,163,636,project/static/tiles/10/163/636.png
367,10,163,634,project/static/tiles/10/163/634.png
368,10,163,635,project/static/tiles/10/163/635.png
369,8,42,158,project/static/tiles/8/42/158.png
370,8,42,159,project/static/tiles/8/42/159.png
371,8,42,157,project/static/tiles/8/42/157.png
372,8,41,158,project/static/tiles/8/41/158.png
373,8,41,159,project/static/tiles/8/41/159.png
374,8,41,157,project/static/tiles/8/41/157.png
375,8,40,158,project/static/tiles/8/40/158.png
376,8,40,159,project/static/tiles/8/40/159.png
377,8,40,157,project/static/tiles/8/40/157.png
378,12,672,2538,project/static/tiles/12/672/2538.png
379,12,672,2539,project/static/tiles/12/672/2539.png
380,12,672,2513,project/static/tiles/12/672/2513.png
381,12,672,2516,project/static/tiles/12/672/2516.png
382,12,672,2517,project/static/tiles/12/672/2517.png
383,12,672,2529,project/static/tiles/12/672/2529.png
384,12,672,2515,project/static/tiles/12/672/2515.png
385,12,672,2514,project/static/tiles/12/672/2514.png
386,12,672,2528,project/static/tiles/12/672/2528.png
387,12,672,2544,project/static/tiles/12/672/2544.png
388,12,672,2540,project/static/tiles/12/672/2540.png
389,12,672,2541,project/static/tiles/12/672/2541.png
390,12,672,2543,project/static/tiles/12/672/2543.png
391,12,672,2542,project/static/tiles/12/672/2542.png
392,12,672,2525,project/static/tiles/12/672/2525.png
393,12,672,2531,project/static/tiles/12/672/2531.png
394,12,672,2519,project/static/tiles/12/672/2519.png
395,12,672,2518,project/static/tiles/12/672/2518.png
396,12,672,2530,project/static/tiles/12/672/2530.png
397,12,672,2524,project/static/tiles/12/672/2524.png
398,12,672,2532,project/static/tiles/12/672/2532.png
399,12,672,2526,project/static/tiles/12/672/2526.png
400,12,672,2527,project/static/tiles/12/672/2527.png
401,12,672,2533,project/static/tiles/12/672/2533.png
402,12,672,2537,project/static/tiles/12/672/2537.png
403,12,672,2523,project/static/tiles/12/672/2523.png
404,12,672,2522,project/static/tiles/12/672/2522.png
405,12,672,2536,project/static/tiles/12/672/2536.png
406,12,672,2520,project/static/tiles/12/672/2520.png
407,12,672,2534,project/static/tiles/12/672/2534.png
408,12,672,2535,project/static/tiles/12/672/2535.png
409,12,672,2521,project/static/tiles/12/672/2521.png
410,12,675,2538,project/static/tiles/12/675/2538.png
411,12,675,2539,project/static/tiles/12/675/2539.png
412,12,675,2513,project/static/tiles/12/675/2513.png
413,12,675,2516,project/static/tiles/12/675/2516.png
414,12,675,2517,project/static/tiles/12/675/2517.png
415,12,675,2529,project/static/tiles/12/675/2529.png
416,12,675,2515,project/static/tiles/12/675/2515.png
417,12,675,2514,project/static/tiles/12/675/2514.png
418,12,675,2528,project/static/tiles/12/675/2528.png
419,12,675,2544,project/static/tiles/12/675/2544.png
420,12,675,2540,project/static/tiles/12/675/2540.png
421,12,675,2541,project/static/tiles/12/675/2541.png
422,12,675,2543,project/static/tiles/12/675/2543.png
423,12,675,2542,project/static/tiles/12/675/2542.png
424,12,675,2525,project/static/tiles/12/675/2525.png
425,12,675,2531,project/static/tiles/12/675/2531.png
426,12,675,2519,project/static/tiles/12/675/2519.png
427,12,675,2518,project/static/tiles/12/675/2518.png
428,12,675,2530,project/static/tiles/12/675/2530.png
429,12,675,2524,project/static/tiles/12/675/2524.png
430,12,675,2532,project/static/tiles/12/675/2532.png
431,12,675,2526,project/static/tiles/12/675/2526.png
432,12,675,2527,project/static/tiles/12/675/2527.png
433,12,675,2533,project/static/tiles/12/675/2533.png
434,12,675,2537,project/static/tiles/12/675/2537.png
435,12,675,2523,project/static/tiles/12/675/2523.png
436,12,675,2522,project/static/tiles/12/675/2522.png
437,12,675,2536,project/static/tiles/12/675/2536.png
438,12,675,2520,project/static/tiles/12/675/2520.png
439,12,675,2534,project/static/tiles/12/675/2534.png
440,12,675,2535,project/static/tiles/12/675/2535.png
441,12,675,2521,project/static/tiles/12/675/2521.png
442,12,674,2538,project/static/tiles/12/674/2538.png
443,12,674,2539,project/static/tiles/12/674/2539.png
444,12,674,2513,project/static/tiles/12/674/2513.png
445,12,674,2516,project/static/tiles/12/674/2516.png
446,12,674,2517,project/static/tiles/12/674/2517.png
447,12,674,2529,project/static/tiles/12/674/2529.png
448,12,674,2515,project/static/tiles/12/674/2515.png
449,12,674,2514,project/static/tiles/12/674/2514.png
450,12,674,2528,project/static/tiles/12/674/2528.png
451,12,674,2544,project/static/tiles/12/674/2544.png
452,12,674,2540,project/static/tiles/12/674/2540.png
453,12,674,2541,project/static/tiles/12/674/2541.png
454,12,674,2543,project/static/tiles/12/674/2543.png
455,12,674,2542,project/static/tiles/12/674/2542.png
456,12,674,2525,project/static/tiles/12/674/2525.png
457,12,674,2531,project/static/tiles/12/674/2531.png
458,12,674,2519,project/static/tiles/12/674/2519.png
459,12,674,2518,project/static/tiles/12/674/2518.png
460,12,674,2530,project/static/tiles/12/674/2530.png
461,12,674,2524,project/static/tiles/12/674/2524.png
462,12,674,2532,project/static/tiles/12/674/2532.png
463,12,674,2526,project/static/tiles/12/674/2526.png
464,12,674,2527,project/static/tiles/12/674/2527.png
465,12,674,2533,project/static/tiles/12/674/2533.png
466,12,674,2537,project/static/tiles/12/674/2537.png
467,12,674,2523,project/static/tiles/12/674/2523.png
468,12,674,2522,project/static/tiles/12/674/2522.png
469,12,674,2536,project/static/tiles/12/674/2536.png
470,12,674,2520,project/static/tiles/12/674/2520.png
471,12,674,2534,project/static/tiles/12/674/2534.png
472,12,674,2535,project/static/tiles/12/674/2535.png
473,12,674,2521,project/static/tiles/12/674/2521.png
474,12,673,2538,project/static/tiles/12/673/2538.png
475,12,673,2539,project/static/tiles/12/673/2539.png
476,12,673,2513,project/static/tiles/12/673/2513.png
477,12,673,2516,project/static/tiles/12/673/2516.png
478,12,673,2517,project/static/tiles/12/673/2517.png
479,12,673,2529,project/static/tiles/12/673/2529.png
480,12,673,2515,project/static/tiles/12/673/2515.png
481,12,673,2514,project/static/tiles/12/673/2514.png
482,12,673,2528,project/static/tiles/12/673/2528.png
483,12,673,2544,project/static/tiles/12/673/2544.png
484,12,673,2540,project/static/tiles/12/673/2540.png
485,12,673,2541,project/static/tiles/12/673/2541.png
486,12,673,2543,project/static/tiles/12/673/2543.png
487,12,673,2542,project/static/tiles/12/673/2542.png
488,12,673,2525,project/static/tiles/12/673/2525.png
489,12,673,2531,project/static/tiles/12/673/2531.png
490,12,673,2519,project/static/tiles/12/673/2519.png
491,12,673,2518,project/static/tiles/12/673/2518.png
492,12,673,2530,project/static/tiles/12/673/2530.png
493,12,673,2524,project/static/tiles/12/673/2524.png
494,12,673,2532,project/static/tiles/12/673/2532.png
495,12,673,2526,project/static/tiles/12/673/2526.png
496,12,673,2527,project/static/tiles/12/673/2527.png
497,12,673,2533,project/static/tiles/12/673/2533.png
498,12,673,2537,project/static/tiles/12/673/2537.png
499,12,673,2523,project/static/tiles/12/673/2523.png
500,12,673,2522,project/static/tiles/12/673/2522.png
501,12,673,2536,project/static/tiles/12/673/2536.png
502,12,673,2520,project/static/tiles/12/673/2520.png
503,12,673,2534,project/static/tiles/12/673/2534.png
504,12,673,2535,project/static/tiles/12/673/2535.png
505,12,673,2521,project/static/tiles/12/673/2521.png
506,12,651,2538,project/static/tiles/12/651/2538.png
507,12,651,2539,project/static/tiles/12/651/2539.png
508,12,651,2513,project/static/tiles/12/651/2513.png
509,12,651,2516,project/static/tiles/12/651/2516.png
510,12,651,2517,project/static/tiles/12/651/2517.png
511,12,651,2529,project/static/tiles/12/651/2529.png
512,12,651,2515,project/static/tiles/12/651/2515.png
513,12,651,2514,project/static/tiles/12/651/2514.png
514,12,651,2528,project/static/tiles/12/651/2528.png
515,12,651,2544,project/static/tiles/12/651/2544.png
516,12,651,2540,project/static/tiles/12/651/2540.png
517,12,651,2541,project/static/tiles/12/651/2541.png
518,12,651,2543,project/static/tiles/12/651/2543.png
519,12,651,2542,project/static/tiles/12/651/2542.png
520,12,651,2525,project/static/tiles/12/651/2525.png
521,12,651,2531,project/static/tiles/12/651/2531.png
522,12,651,2519,project/static/tiles/12/651/2519.png
523,12,651,2518,project/static/tiles/12/651/2518.png
524,12,651,2530,project/static/tiles/12/651/2530.png
525,12,651,2524,project/static/tiles/12/651/2524.png
526,12,651,2532,project/static/tiles/12/651/2532.png
527,12,651,2526,project/static/tiles/12/651/2526.png
528,12,651,2527,project/static/tiles/12/651/2527.png
529,12,651,2533,project/static/tiles/12/651/2533.png
530,12,651,2537,project/static/tiles/12/651/2537.png
531,12,651,2523,project/static/tiles/12/651/2523.png
532,12,651,2522,project/static/tiles/12/651/2522.png
533,12,651,2536,project/static/tiles/12/651/2536.png
534,12,651,2520,project/static/tiles/12/651/2520.png
535,12,651,2534,project/static/tiles/12/651/2534.png
536,12,651,2535,project/static/tiles/12/651/2535.png
537,12,651,2521,project/static/tiles/12/651/2521.png
538,12,669,2538,project/static/tiles/12/669/2538.png
539,12,669,2539,project/static/tiles/12/669/2539.png
540,12,669,2513,project/static/tiles/12/669/2513.png
541,12,669,2516,project/static/tiles/12/669/2516.png
542,12,669,2517,project/static/tiles/12/669/2517.png
543,12,669,2529,project/static/tiles/12/669/2529.png
544,12,669,2515,project/static/tiles/12/669/2515.png
545,12,669,2514,project/static/tiles/12/669/2514.png
546,12,669,2528,project/static/tiles/12/669/2528.png
547,12,669,2544,project/static/tiles/12/669/2544.png
548,12,669,2540,project/static/tiles/12/669/2540.png
549,12,669,2541,project/static/tiles/12/669/2541.png
550,12,669,2543,project/static/tiles/12/669/2543.png
551,12,669,2542,project/static/tiles/12/669/2542.png
552,12,669,2525,project/static/tiles/12/669/2525.png
553,12,669,2531,project/static/tiles/12/669/2531.png
554,12,669,2519,project/static/tiles/12/669/2519.png
555,12,669,2518,project/static/tiles/12/669/2518.png
556,12,669,2530,project/static/tiles/12/669/2530.png
557,12,669,2524,project/static/tiles/12/669/2524.png
558,12,669,2532,project/static/tiles/12/669/2532.png
559,12,669,2526,project/static/tiles/12/669/2526.png
560,12,669,2527,project/static/tiles/12/669/2527.png
561,12,669,2533,project/static/tiles/12/669/2533.png
562,12,669,2537,project/static/tiles/12/669/2537.png
563,12,669,2523,project/static/tiles/12/669/2523.png
564,12,669,2522,project/static/tiles/12/669/2522.png
565,12,669,2536,project/static/tiles/12/669/2536.png
566,12,669,2520,project/static/tiles/12/669/2520.png
567,12,669,2534,project/static/tiles/12/669/2534.png
568,12,669,2535,project/static/tiles/12/669/2535.png
569,12,669,2521,project/static/tiles/12/669/2521.png
570,12,656,2538,project/static/tiles/12/656/2538.png
571,12,656,2539,project/static/tiles/12/656/2539.png
572,12,656,2513,project/static/tiles/12/656/2513.png
573,12,656,2516,project/static/tiles/12/656/2516.png
574,12,656,2517,project/static/tiles/12/656/2517.png
575,12,656,2529,project/static/tiles/12/656/2529.png
576,12,656,2515,project/static/tiles/12/656/2515.png
577,12,656,2514,project/static/tiles/12/656/2514.png
578,12,656,2528,project/static/tiles/12/656/2528.png
579,12,656,2544,project/static/tiles/12/656/2544.png
580,12,656,2540,project/static/tiles/12/656/2540.png
581,12,656,2541,project/static/tiles/12/656/2541.png
582,12,656,2543,project/static/tiles/12/656/2543.png
583,12,656,2542,project/static/tiles/12/656/2542.png
584,12,656,2525,project/static/tiles/12/656/2525.png
585,12,656,2531,project/static/tiles/12/656/2531.png
586,12,656,2519,project/static/tiles/12/656/2519.png
587,12,656,2518,project/static/tiles/12/656/2518.png
588,12,656,2530,project/static/tiles/12/656/2530.png
589,12,656,2524,project/static/tiles/12/656/2524.png
590,12,656,2532,project/static/tiles/12/656/2532.png
591,12,656,2526,project/static/tiles/12/656/2526.png
592,12,656,2527,project/static/tiles/12/656/2527.png
593,12,656,2533,project/static/tiles/12/656/2533.png
594,12,656,2537,project/static/tiles/12/656/2537.png
595,12,656,2523,project/static/tiles/12/656/2523.png
596,12,656,2522,project/static/tiles/12/656/2522.png
597,12,656,2536,project/static/tiles/12/656/2536.png
598,12,656,2520,project/static/tiles/12/656/2520.png
599,12,656,2534,project/static/tiles/12/656/2534.png
600,12,656,2535,project/static/tiles/12/656/2535.png
601,12,656,2521,project/static/tiles/12/656/2521.png
602,12,660,2538,project/static/tiles/12/660/2538.png
603,12,660,2539,project/static/tiles/12/660/2539.png
604,12,660,2513,project/static/tiles/12/660/2513.png
605,12,660,2516,project/static/tiles/12/660/2516.png
606,12,660,2517,project/static/tiles/12/660/2517.png
607,12,660,2529,project/static/tiles/12/660/2529.png
608,12,660,2515,project/static/tiles/12/660/2515.png
609,12,660,2514,project/static/tiles/12/660/2514.png
610,12,660,2528,project/static/tiles/12/660/2528.png
611,12,660,2544,project/static/tiles/12/660/2544.png
612,12,660,2540,project/static/tiles/12/660/2540.png
613,12,660,2541,project/static/tiles/12/660/2541.png
614,12,660,2543,project/static/tiles/12/660/2543.png
615,12,660,2542,project/static/tiles/12/660/2542.png
616,12,660,2525,project/static/tiles/12/660/2525.png
617,12,660,2531,project/static/tiles/12/660/2531.png
618,12,660,2519,project/static/tiles/12/660/2519.png
619,12,660,2518,project/static/tiles/12/660/2518.png
620,12,660,2530,project/static/tiles/12/660/2530.png
621,12,660,2524,project/static/tiles/12/660/2524.png
622,12,660,2532,project/static/tiles/12/660/2532.png
623,12,660,2526,project/static/tiles/12/660/2526.png
624,12,660,2527,project/static/tiles/12/660/2527.png
625,12,660,2533,project/static/tiles/12/660/2533.png
626,12,660,2537,project/static/tiles/12/660/2537.png
627,12,660,2523,project/static/tiles/12/660/2523.png
628,12,660,2522,project/static/tiles/12/660/2522.png
629,12,660,2536,project/static/tiles/12/660/2536.png
630,12,660,2520,project/static/tiles/12/660/2520.png
631,12,660,2534,project/static/tiles/12/660/2534.png
632,12,660,2535,project/static/tiles/12/660/2535.png
633,12,660,2521,project/static/tiles/12/660/2521.png
634,12,658,2538,project/static/tiles/12/658/2538.png
635,12,658,2539,project/static/tiles/12/658/2539.png
636,12,658,2513,project/static/tiles/12/658/2513.png
637,12,658,2516,project/static/tiles/12/658/2516.png
638,12,658,2517,project/static/tiles/12/658/2517.png
639,12,658,2529,project/static/tiles/12/658/2529.png
640,12,658,2515,project/static/tiles/12/658/2515.png
641,12,658,2514,project/static/tiles/12/658/2514.png
642,12,658,2528,project/static/tiles/12/658/2528.png
643,12,658,2544,project/static/tiles/12/658/2544.png
644,12,658,2540,project/static/tiles/12/658/2540.png
645,12,658,2541,project/static/tiles/12/658/2541.png
646,12,658,2543,project/static/tiles/12/658/2543.png
647,12,658,2542,project/static/tiles/12/658/2542.png
648,12,658,2525,project/static/tiles/12/658/2525.png
649,12,658,2531,project/static/tiles/12/658/2531.png
650,12,658,2519,project/static/tiles/12/658/2519.png
651,12,658,2518,project/static/tiles/12/658/2518.png
652,12,658,2530,project/static/tiles/12/658/2530.png
653,12,658,2524,project/static/tiles/12/658/2524.png
654,12,658,2532,project/static/tiles/12/658/2532.png
655,12,658,2526,project/static/tiles/12/658/2526.png
656,12,658,2527,project/static/tiles/12/658/2527.png
657,12,658,2533,project/static/tiles/12/658/2533.png
658,12,658,2537,project/static/tiles/12/658/2537.png
659,12,658,2523,project/static/tiles/12/658/2523.png
660,12,658,2522,project/static/tiles/12/658/2522.png
661,12,658,2536,project/static/tiles/12/658/2536.png
662,12,658,2520,project/static/tiles/12/658/2520.png
663,12,658,2534,project/static/tiles/12/658/2534.png
664,12,658,2535,project/static/tiles/12/658/2535.png
665,12,658,2521,project/static/tiles/12/658/2521.png
666,12,667,2538,project/static/tiles/12/667/2538.png
667,12,667,2539,project/static/tiles/12/667/2539.png
668,12,667,2513,project/static/tiles/12/667/2513.png
669,12,667,2516,project/static/tiles/12/667/2516.png
670,12,667,2517,project/static/tiles/12/667/2517.png
671,12,667,2529,project/static/tiles/12/667/2529.png
672,12,667,2515,project/static/tiles/12/667/2515.png
673,12,667,2514,project/static/tiles/12/667/2514.png
674,12,667,2528,project/static/tiles/12/667/2528.png
675,12,667,2544,project/static/tiles/12/667/2544.png
676,12,667,2540,project/static/tiles/12/667/2540.png
677,12,667,2541,project/static/tiles/12/667/2541.png
678,12,667,2543,project/static/tiles/12/667/2543.png
679,12,667,2542,project/static/tiles/12/667/2542.png
680,12,667,2525,project/static/tiles/12/667/2525.png
681,12,667,2531,project/static/tiles/12/667/2531.png
682,12,667,2519,project/static/tiles/12/667/2519.png
683,12,667,2518,project/static/tiles/12/667/2518.png
684,12,667,2530,project/static/tiles/12/667/2530.png
685,12,667,2524,project/static/tiles/12/667/2524.png
686,12,667,2532,project/static/tiles/12/667/2532.png
687,12,667,2526,project/static/tiles/12/667/2526.png
688,12,667,2527,project/static/tiles/12/667/2527.png
689,12,667,2533,project/static/tiles/12/667/2533.png
690,12,667,2537,project/static/tiles/12/667/2537.png
691,12,667,2523,project/static/tiles/12/667/2523.png
692,12,667,2522,project/static/tiles/12/667/2522.png
693,12,667,2536,project/static/tiles/12/667/2536.png
694,12,667,2520,project/static/tiles/12/667/2520.png
695,12,667,2534,project/static/tiles/12/667/2534.png
696,12,667,2535,project/static/tiles/12/667/2535.png
697,12,667,2521,project/static/tiles/12/667/2521.png
698,12,659,2538,project/static/tiles/12/659/2538.png
699,12,659,2539,project/static/tiles/12/659/2539.png
700,12,659,2513,project/static/tiles/12/659/2513.png
701,12,659,2516,project/static/tiles/12/659/2516.png
702,12,659,2517,project/static/tiles/12/659/2517.png
703,12,659,2529,project/static/tiles/12/659/2529.png
704,12,659,2515,project/static/tiles/12/659/2515.png
705,12,659,2514,project/static/tiles/12/659/2514.png
706,12,659,2528,project/static/tiles/12/659/2528.png
707,12,659,2544,project/static/tiles/12/659/2544.png
708,12,659,2540,project/static/tiles/12/659/2540.png
709,12,659,2541,project/static/tiles/12/659/2541.png
710,12,659,2543,project/static/tiles/12/659/2543.png
711,12,659,2542,project/static/tiles/12/659/2542.png
712,12,659,2525,project/static/tiles/12/659/2525.png
713,12,659,2531,project/static/tiles/12/659/2531.png
714,12,659,2519,project/static/tiles/12/659/2519.png
715,12,659,2518,project/static/tiles/12/659/2518.png
716,12,659,2530,project/static/tiles/12/659/2530.png
717,12,659,2524,project/static/tiles/12/659/2524.png
718,12,659,2532,project/static/tiles/12/659/2532.png
719,12,659,2526,project/static/tiles/12/659/2526.png
720,12,659,2527,project/static/tiles/12/659/2527.png
721,12,659,2533,project/static/tiles/12/659/2533.png
722,12,659,2537,project/static/tiles/12/659/2537.png
723,12,659,2523,project/static/tiles/12/659/2523.png
724,12,659,2522,project/static/tiles/12/659/2522.png
725,12,659,2536,project/static/tiles/12/659/2536.png
726,12,659,2520,project/static/tiles/12/659/2520.png
727,12,659,2534,project/static/tiles/12/659/2534.png
728,12,659,2535,project/static/tiles/12/659/2535.png
729,12,659,2521,project/static/tiles/12/659/2521.png
730,12,666,2538,project/static/tiles/12/666/2538.png
731,12,666,2539,project/static/tiles/12/666/2539.png
732,12,666,2513,project/static/tiles/12/666/2513.png
733,12,666,2516,project/static/tiles/12/666/2516.png
734,12,666,2517,project/static/tiles/12/666/2517.png
735,12,666,2529,project/static/tiles/12/666/2529.png
736,12,666,2515,project/static/tiles/12/666/2515.png
737,12,666,2514,project/static/tiles/12/666/2514.png
738,12,666,2528,project/static/tiles/12/666/2528.png
739,12,666,2544,project/static/tiles/12/666/2544.png
740,12,666,2540,project/static/tiles/12/666/2540.png
741,12,666,2541,project/static/tiles/12/666/2541.png
742,12,666,2543,project/static/tiles/12/666/2543.png
743,12,666,2542,project/static/tiles/12/666/2542.png
744,12,666,2525,project/static/tiles/12/666/2525.png
745,12,666,2531,project/static/tiles/12/666/2531.png
746,12,666,2519,project/static/tiles/12/666/2519.png
747,12,666,2518,project/static/tiles/12/666/2518.png
748,12,666,2530,project/static/tiles/12/666/2530.png
749,12,666,2524,project/static/tiles/12/666/2524.png
750,12,666,2532,project/static/tiles/12/666/2532.png
751,12,666,2526,project/static/tiles/12/666/2526.png
752,12,666,2527,project/static/tiles/12/666/2527.png
753,12,666,2533,project/static/tiles/12/666/2533.png
754,12,666,2537,project/static/tiles/12/666/2537.png
755,12,666,2523,project/static/tiles/12/666/2523.png
756,12,666,2522,project/static/tiles/12/666/2522.png
757,12,666,2536,project/static/tiles/12/666/2536.png
758,12,666,2520,project/static/tiles/12/666/2520.png
759,12,666,2534,project/static/tiles/12/666/2534.png
760,12,666,2535,project/static/tiles/12/666/2535.png
761,12,666,2521,project/static/tiles/12/666/2521.png
762,12,661,2538,project/static/tiles/12/661/2538.png
763,12,661,2539,project/static/tiles/12/661/2539.png
764,12,661,2513,project/static/tiles/12/661/2513.png
765,12,661,2516,project/static/tiles/12/661/2516.png
766,12,661,2517,project/static/tiles/12/661/2517.png
767,12,661,2529,project/static/tiles/12/661/2529.png
768,12,661,2515,project/static/tiles/12/661/2515.png
769,12,661,2514,project/static/tiles/12/661/2514.png
770,12,661,2528,project/static/tiles/12/661/2528.png
771,12,661,2544,project/static/tiles/12/661/2544.png
772,12,661,2540,project/static/tiles/12/661/2540.png
773,12,661,2541,project/static/tiles/12/661/2541.png
774,12,661,2543,project/static/tiles/12/661/2543.png
775,12,661,2542,project/static/tiles/12/661/2542.png
776,12,661,2525,project/static/tiles/12/661/2525.png
777,12,661,2531,project/static/tiles/12/661/2531.png
778,12,661,2519,project/static/tiles/12/661/2519.png
779,12,661,2518,project/static/tiles/12/661/2518.png
780,12,661,2530,project/static/tiles/12/661/2530.png
781,12,661,2524,project/static/tiles/12/661/2524.png
782,12,661,2532,project/static/tiles/12/661/2532.png
783,12,661,2526,project/static/tiles/12/661/2526.png
784,12,661,2527,project/static/tiles/12/661/2527.png
785,12,661,2533,project/static/tiles/12/661/2533.png
786,12,661,2537,project/static/tiles/12/661/2537.png
787,12,661,2523,project/static/tiles/12/661/2523.png
788,12,661,2522,project/static/tiles/12/661/2522.png
789,12,661,2536,project/static/tiles/12/661/2536.png
790,12,661,2520,project/static/tiles/12/661/2520.png
791,12,661,2534,project/static/tiles/12/661/2534.png
792,12,661,2535,project/static/tiles/12/661/2535.png
793,12,661,2521,project/static/tiles/12/661/2521.png
794,12,668,2538,project/static/tiles/12/668/2538.png
795,12,668,2539,project/static/tiles/12/668/2539.png
796,12,668,2513,project/static/tiles/12/668/2513.png
797,12,668,2516,project/static/tiles/12/668/2516.png
798,12,668,2517,project/static/tiles/12/668/2517.png
799,12,668,2529,project/static/tiles/12/668/2529.png
800,12,668,2515,project/static/tiles/12/668/2515.png
801,12,668,2514,project/static/tiles/12/668/2514.png
802,12,668,2528,project/static/tiles/12/668/2528.png
803,12,668,2544,project/static/tiles/12/668/2544.png
804,12,668,2540,project/static/tiles/12/668/2540.png
805,12,668,2541,project/static/tiles/12/668/2541.png
806,12,668,2543,project/static/tiles/12/668/2543.png
807,12,668,2542,project/static/tiles/12/668/2542.png
808,12,668,2525,project/static/tiles/12/668/2525.png
809,12,668,2531,project/static/tiles/12/668/2531.png
810,12,668,2519,project/static/tiles/12/668/2519.png
811,12,668,2518,project/static/tiles/12/668/2518.png
812,12,668,2530,project/static/tiles/12/668/2530.png
813,12,668,2524,project/static/tiles/12/668/2524.png
814,12,668,2532,project/static/tiles/12/668/2532.png
815,12,668,2526,project/static/tiles/12/668/2526.png
816,12,668,2527,project/static/tiles/12/668/2527.png
817,12,668,2533,project/static/tiles/12/668/2533.png
818,12,668,2537,project/static/tiles/12/668/2537.png
819,12,668,2523,project/static/tiles/12/668/2523.png
820,12,668,2522,project/static/tiles/12/668/2522.png
821,12,668,2536,project/static/tiles/12/668/2536.png
822,12,668,2520,project/static/tiles/12/668/2520.png
823,12,668,2534,project/static/tiles/12/668/2534.png
824,12,668,2535,project/static/tiles/12/668/2535.png
825,12,668,2521,project/static/tiles/12/668/2521.png
826,12,657,2538,project/static/tiles/12/657/2538.png
827,12,657,2539,project/static/tiles/12/657/2539.png
828,12,657,2513,project/static/tiles/12/657/2513.png
829,12,657,2516,project/static/tiles/12/657/2516.png
830,12,657,2517,project/static/tiles/12/657/2517.png
831,12,657,2529,project/static/tiles/12/657/2529.png
832,12,657,2515,project/static/tiles/12/657/2515.png
833,12,657,2514,project/static/tiles/12/657/2514.png
834,12,657,2528,project/static/tiles/12/657/2528.png
835,12,657,2544,project/static/tiles/12/657/2544.png
836,12,657,2540,project/static/tiles/12/657/2540.png
837,12,657,2541,project/static/tiles/12/657/2541.png
838,12,657,2543,project/static/tiles/12/657/2543.png
839,12,657,2542,project/static/tiles/12/657/2542.png
840,12,657,2525,project/static/tiles/12/657/2525.png
841,12,657,2531,project/static/tiles/12/657/2531.png
842,12,657,2519,project/static/tiles/12/657/2519.png
843,12,657,2518,project/static/tiles/12/657/2518.png
844,12,657,2530,project/static/tiles/12/657/2530.png
845,12,657,2524,project/static/tiles/12/657/2524.png
846,12,657,2532,project/static/tiles/12/657/2532.png
847,12,657,2526,project/static/tiles/12/657/2526.png
848,12,657,2527,project/static/tiles/12/657/2527.png
849,12,657,2533,project/static/tiles/12/657/2533.png
850,12,657,2537,project/static/tiles/12/657/2537.png
851,12,657,2523,project/static/tiles/12/657/2523.png
852,12,657,2522,project/static/tiles/12/657/2522.png
853,12,657,2536,project/static/tiles/12/657/2536.png
854,12,657,2520,project/static/tiles/12/657/2520.png
855,12,657,2534,project/static/tiles/12/657/2534.png
856,12,657,2535,project/static/tiles/12/657/2535.png
857,12,657,2521,project/static/tiles/12/657/2521.png
858,12,650,2538,project/static/tiles/12/650/2538.png
859,12,650,2539,project/static/tiles/12/650/2539.png
860,12,650,2513,project/static/tiles/12/650/2513.png
861,12,650,2516,project/static/tiles/12/650/2516.png
862,12,650,2517,project/static/tiles/12/650/2517.png
863,12,650,2529,project/static/tiles/12/650/2529.png
864,12,650,2515,project/static/tiles/12/650/2515.png
865,12,650,2514,project/static/tiles/12/650/2514.png
866,12,650,2528,project/static/tiles/12/650/2528.png
867,12,650,2544,project/static/tiles/12/650/2544.png
868,12,650,2540,project/static/tiles/12/650/2540.png
869,12,650,2541,project/static/tiles/12/650/2541.png
870,12,650,2543,project/static/tiles/12/650/2543.png
871,12,650,2542,project/static/tiles/12/650/2542.png
872,12,650,2525,project/static/tiles/12/650/2525.png
873,12,650,2531,project/static/tiles/12/650/2531.png
874,12,650,2519,project/static/tiles/12/650/2519.png
875,12,650,2518,project/static/tiles/12/650/2518.png
876,12,650,2530,project/static/tiles/12/650/2530.png
877,12,650,2524,project/static/tiles/12/650/2524.png
878,12,650,2532,project/static/tiles/12/650/2532.png
879,12,650,2526,project/static/tiles/12/650/2526.png
880,12,650,2527,project/static/tiles/12/650/2527.png
881,12,650,2533,project/static/tiles/12/650/2533.png
882,12,650,2537,project/static/tiles/12/650/2537.png
883,12,650,2523,project/static/tiles/12/650/2523.png
884,12,650,2522,project/static/tiles/12/650/2522.png
885,12,650,2536,project/static/tiles/12/650/2536.png
886,12,650,2520,project/static/tiles/12/650/2520.png
887,12,650,2534,project/static/tiles/12/650/2534.png
888,12,650,2535,project/static/tiles/12/650/2535.png
889,12,650,2521,project/static/tiles/12/650/2521.png
890,12,676,2538,project/static/tiles/12/676/2538.png
891,12,676,2539,project/static/tiles/12/676/2539.png
892,12,676,2513,project/static/tiles/12/676/2513.png
893,12,676,2516,project/static/tiles/12/676/2516.png
894,12,676,2517,project/static/tiles/12/676/2517.png
895,12,676,2529,project/static/tiles/12/676/2529.png
896,12,676,2515,project/static/tiles/12/676/2515.png
897,12,676,2514,project/static/tiles/12/676/2514.png
898,12,676,2528,project/static/tiles/12/676/2528.png
899,12,676,2544,project/static/tiles/12/676/2544.png
900,12,676,2540,project/static/tiles/12/676/2540.png
901,12,676,2541,project/static/tiles/12/676/2541.png
902,12,676,2543,project/static/tiles/12/676/2543.png
903,12,676,2542,project/static/tiles/12/676/2542.png
904,12,676,2525,project/static/tiles/12/676/2525.png
905,12,676,2531,project/static/tiles/12/676/2531.png
906,12,676,2519,project/static/tiles/12/676/2519.png
907,12,676,2518,project/static/tiles/12/676/2518.png
908,12,676,2530,project/static/tiles/12/676/2530.png
909,12,676,2524,project/static/tiles/12/676/2524.png
910,12,676,2532,project/static/tiles/12/676/2532.png
911,12,676,2526,project/static/tiles/12/676/2526.png
912,12,676,2527,project/static/tiles/12/676/2527.png
913,12,676,2533,project/static/tiles/12/676/2533.png
914,12,676,2537,project/static/tiles/12/676/2537.png
915,12,676,2523,project/static/tiles/12/676/2523.png
916,12,676,2522,project/static/tiles/12/676/2522.png
917,12,676,2536,project/static/tiles/12/676/2536.png
918,12,676,2520,project/static/tiles/12/676/2520.png
919,12,676,2534,project/static/tiles/12/676/2534.png
920,12,676,2535,project/static/tiles/12/676/2535.png
921,12,676,2521,project/static/tiles/12/676/2521.png
922,12,649,2538,project/static/tiles/12/649/2538.png
923,12,649,2539,project/static/tiles/12/649/2539.png
924,12,649,2513,project/static/tiles/12/649/2513.png
925,12,649,2516,project/static/tiles/12/649/2516.png
926,12,649,2517,project/static/tiles/12/649/2517.png
927,12,649,2529,project/static/tiles/12/649/2529.png
928,12,649,2515,project/static/tiles/12/649/2515.png
929,12,649,2514,project/static/tiles/12/649/2514.png
930,12,649,2528,project/static/tiles/12/649/2528.png
931,12,649,2544,project/static/tiles/12/649/2544.png
932,12,649,2540,project/static/tiles/12/649/2540.png
933,12,649,2541,project/static/tiles/12/649/2541.png
934,12,649,2543,project/static/tiles/12/649/2543.png
935,12,649,2542,project/static/tiles/12/649/2542.png
936,12,649,2525,project/static/tiles/12/649/2525.png
937,12,649,2531,project/static/tiles/12/649/2531.png
938,12,649,2519,project/static/tiles/12/649/2519.png
939,12,649,2518,project/static/tiles/12/649/2518.png
940,12,649,2530,project/static/tiles/12/649/2530.png
941,12,649,2524,project/static/tiles/12/649/2524.png
942,12,649,2532,project/static/tiles/12/649/2532.png
943,12,649,2526,project/static/tiles/12/649/2526.png
944,12,649,2527,project/static/tiles/12/649/2527.png
945,12,649,2533,project/static/tiles/12/649/2533.png
946,12,649,2537,project/static/tiles/12/649/2537.png
947,12,649,2523,project/static/tiles/12/649/2523.png
948,12,649,2522,project/static/tiles/12/649/2522.png
949,12,649,2536,project/static/tiles/12/649/2536.png
950,12,649,2520,project/static/tiles/12/649/2520.png
951,12,649,2534,project/static/tiles/12/649/2534.png
952,12,649,2535,project/static/tiles/12/649/2535.png
953,12,649,2521,project/static/tiles/12/649/2521.png
954,12,671,2538,project/static/tiles/12/671/2538.png
955,12,671,2539,project/static/tiles/12/671/2539.png
956,12,671,2513,project/static/tiles/12/671/2513.png
957,12,671,2516,project/static/tiles/12/671/2516.png
958,12,671,2517,project/static/tiles/12/671/2517.png
959,12,671,2529,project/static/tiles/12/671/2529.png
960,12,671,2515,project/static/tiles/12/671/2515.png
961,12,671,2514,project/static/tiles/12/671/2514.png
962,12,671,2528,project/static/tiles/12/671/2528.png
963,12,671,2544,project/static/tiles/12/671/2544.png
964,12,671,2540,project/static/tiles/12/671/2540.png
965,12,671,2541,project/static/tiles/12/671/2541.png
966,12,671,2543,project/static/tiles/12/671/2543.png
967,12,671,2542,project/static/tiles/12/671/2542.png
968,12,671,2525,project/static/tiles/12/671/2525.png
969,12,671,2531,project/static/tiles/12/671/2531.png
970,12,671,2519,project/static/tiles/12/671/2519.png
971,12,671,2518,project/static/tiles/12/671/2518.png
972,12,671,2530,project/static/tiles/12/671/2530.png
973,12,671,2524,project/static/tiles/12/671/2524.png
974,12,671,2532,project/static/tiles/12/671/2532.png
975,12,671,2526,project/static/tiles/12/671/2526.png
976,12,671,2527,project/static/tiles/12/671/2527.png
977,12,671,2533,project/static/tiles/12/671/2533.png
978,12,671,2537,project/static/tiles/12/671/2537.png
979,12,671,2523,project/static/tiles/12/671/2523.png
980,12,671,2522,project/static/tiles/12/671/2522.png
981,12,671,2536,project/static/tiles/12/671/2536.png
982,12,671,2520,project/static/tiles/12/671/2520.png
983,12,671,2534,project/static/tiles/12/671/2534.png
984,12,671,2535,project/static/tiles/12/671/2535.png
985,12,671,2521,project/static/tiles/12/671/2521.png
986,12,678,2538,project/static/tiles/12/678/2538.png
987,12,678,2539,project/static/tiles/12/678/2539.png
988,12,678,2513,project/static/tiles/12/678/2513.png
989,12,678,2516,project/static/tiles/12/678/2516.png
990,12,678,2517,project/static/tiles/12/678/2517.png
991,12,678,2529,project/static/tiles/12/678/2529.png
992,12,678,2515,project/static/tiles/12/678/2515.png
993,12,678,2514,project/static/tiles/12/678/2514.png
994,12,678,2528,project/static/tiles/12/678/2528.png
995,12,678,2544,project/static/tiles/12/678/2544.png
996,12,678,2540,project/static/tiles/12/678/2540.png
997,12,678,2541,project/static/tiles/12/678/2541.png
998,12,678,2543,project/static/tiles/12/678/2543.png
999,12,678,2542,project/static/tiles/12/678/2542.png
1000,12,678,2525,project/static/tiles/12/678/2525.png
1001,12,678,2531,project/static/tiles/12/678/2531.png
1002,12,678,2519,project/static/tiles/12/678/2519.png
1003,12,678,2518,project/static/tiles/12/678/2518.png
1004,12,678,2530,project/static/tiles/12/678/2530.png
1005,12,678,2524,project/static/tiles/12/678/2524.png
1006,12,678,2532,project/static/tiles/12/678/2532.png
1007,12,678,2526,project/static/tiles/12/678/2526.png
1008,12,678,2527,project/static/tiles/12/678/2527.png
1009,12,678,2533,project/static/tiles/12/678/2533.png
1010,12,678,2537,project/static/tiles/12/678/2537.png
1011,12,678,2523,project/static/tiles/12/678/2523.png
1012,12,678,2522,project/static/tiles/12/678/2522.png
1013,12,678,2536,project/static/tiles/12/678/2536.png
1014,12,678,2520,project/static/tiles/12/678/2520.png
1015,12,678,2534,project/static/tiles/12/678/2534.png
1016,12,678,2535,project/static/tiles/12/678/2535.png
1017,12,678,2521,project/static/tiles/12/678/2521.png
1018,12,679,2538,project/static/tiles/12/679/2538.png
1019,12,679,2539,project/static/tiles/12/679/2539.png
1020,12,679,2513,project/static/tiles/12/679/2513.png
1021,12,679,2516,project/static/tiles/12/679/2516.png
1022,12,679,2517,project/static/tiles/12/679/2517.png
1023,12,679,2529,project/static/tiles/12/679/2529.png
1024,12,679,2515,project/static/tiles/12/679/2515.png
1025,12,679,2514,project/static/tiles/12/679/2514.png
1026,12,679,2528,project/static/tiles/12/679/2528.png
1027,12,679,2544,project/static/tiles/12/679/2544.png
1028,12,679,2540,project/static/tiles/12/679/2540.png
1029,12,679,2541,project/static/tiles/12/679/2541.png
1030,12,679,2543,project/static/tiles/12/679/2543.png
1031,12,679,2542,project/static/tiles/12/679/2542.png
1032,12,679,2525,project/static/tiles/12/679/2525.png
1033,12,679,2531,project/static/tiles/12/679/2531.png
1034,12,679,2519,project/static/tiles/12/679/2519.png
1035,12,679,2518,project/static/tiles/12/679/2518.png
1036,12,679,2530,project/static/tiles/12/679/2530.png
1037,12,679,2524,project/static/tiles/12/679/2524.png
1038,12,679,2532,project/static/tiles/12/679/2532.png
1039,12,679,2526,project/static/tiles/12/679/2526.png
1040,12,679,2527,project/static/tiles/12/679/2527.png
1041,12,679,2533,project/static/tiles/12/679/2533.png
1042,12,679,2537,project/static/tiles/12/679/2537.png
1043,12,679,2523,project/static/tiles/12/679/2523.png
1044,12,679,2522,project/static/tiles/12/679/2522.png
1045,12,679,2536,project/static/tiles/12/679/2536.png
1046,12,679,2520,project/static/tiles/12/679/2520.png
1047,12,679,2534,project/static/tiles/12/679/2534.png
1048,12,679,2535,project/static/tiles/12/679/2535.png
1049,12,679,2521,project/static/tiles/12/679/2521.png
1050,12,670,2538,project/static/tiles/12/670/2538.png
1051,12,670,2539,project/static/tiles/12/670/2539.png
1052,12,670,2513,project/static/tiles/12/670/2513.png
1053,12,670,2516,project/static/tiles/12/670/2516.png
1054,12,670,2517,project/static/tiles/12/670/2517.png
1055,12,670,2529,project/static/tiles/12/670/2529.png
1056,12,670,2515,project/static/tiles/12/670/2515.png
1057,12,670,2514,project/static/tiles/12/670/2514.png
1058,12,670,2528,project/static/tiles/12/670/2528.png
1059,12,670,2544,project/static/tiles/12/670/2544.png
1060,12,670,2540,project/static/tiles/12/670/2540.png
1061,12,670,2541,project/static/tiles/12/670/2541.png
1062,12,670,2543,project/static/tiles/12/670/2543.png
1063,12,670,2542,project/static/tiles/12/670/2542.png
1064,12,670,2525,project/static/tiles/12/670/2525.png
1065,12,670,2531,project/static/tiles/12/670/2531.png
1066,12,670,2519,project/static/tiles/12/670/2519.png
1067,12,670,2518,project/static/tiles/12/670/2518.png
1068,12,670,2530,project/static/tiles/12/670/2530.png
1069,12,670,2524,project/static/tiles/12/670/2524.png
1070,12,670,2532,project/static/tiles/12/670/2532.png
1071,12,670,2526,project/static/tiles/12/670/2526.png
1072,12,670,2527,project/static/tiles/12/670/2527.png
1073,12,670,2533,project/static/tiles/12/670/2533.png
1074,12,670,2537,project/static/tiles/12/670/2537.png
1075,12,670,2523,project/static/tiles/12/670/2523.png
1076,12,670,2522,project/static/tiles/12/670/2522.png
1077,12,670,2536,project/static/tiles/12/670/2536.png
1078,12,670,2520,project/static/tiles/12/670/2520.png
1079,12,670,2534,project/static/tiles/12/670/2534.png
1080,12,670,2535,project/static/tiles/12/670/2535.png
1081,12,670,2521,project/static/tiles/12/670/2521.png
1082,12,677,2538,project/static/tiles/12/677/2538.png
1083,12,677,2539,project/static/tiles/12/677/2539.png
1084,12,677,2513,project/static/tiles/12/677/2513.png
1085,12,677,2516,project/static/tiles/12/677/2516.png
1086,12,677,2517,project/static/tiles/12/677/2517.png
1087,12,677,2529,project/static/tiles/12/677/2529.png
1088,12,677,2515,project/static/tiles/12/677/2515.png
1089,12,677,2514,project/static/tiles/12/677/2514.png
1090,12,677,2528,project/static/tiles/12/677/2528.png
1091,12,677,2544,project/static/tiles/12/677/2544.png
1092,12,677,2540,project/static/tiles/12/677/2540.png
1093,12,677,2541,project/static/tiles/12/677/2541.png
1094,12,677,2543,project/static/tiles/12/677/2543.png
1095,12,677,2542,project/static/tiles/12/677/2542.png
1096,12,677,2525,project/static/tiles/12/677/2525.png
1097,12,677,2531,project/static/tiles/12/677/2531.png
1098,12,677,2519,project/static/tiles/12/677/2519.png
1099,12,677,2518,project/static/tiles/12/677/2518.png
1100,12,677,2530,project/static/tiles/12/677/2530.png
1101,12,677,2524,project/static/tiles/12/677/2524.png
1102,12,677,2532,project/static/tiles/12/677/2532.png
1103,12,677,2526,project/static/tiles/12/677/2526.png
1104,12,677,2527,project/static/tiles/12/677/2527.png
1105,12,677,2533,project/static/tiles/12/677/2533.png
1106,12,677,2537,project/static/tiles/12/677/2537.png
1107,12,677,2523,project/static/tiles/12/677/2523.png
1108,12,677,2522,project/static/tiles/12/677/2522.png
1109,12,677,2536,project/static/tiles/12/677/2536.png
1110,12,677,2520,project/static/tiles/12/677/2520.png
1111,12,677,2534,project/static/tiles/12/677/2534.png
1112,12,677,2535,project/static/tiles/12/677/2535.png
1113,12,677,2521,project/static/tiles/12/677/2521.png
1114,12,648,2538,project/static/tiles/12/648/2538.png
1115,12,648,2539,project/static/tiles/12/648/2539.png
1116,12,648,2513,project/static/tiles/12/648/2513.png
1117,12,648,2516,project/static/tiles/12/648/2516.png
1118,12,648,2517,project/static/tiles/12/648/2517.png
1119,12,648,2529,project/static/tiles/12/648/2529.png
1120,12,648,2515,project/static/tiles/12/648/2515.png
1121,12,648,2514,project/static/tiles/12/648/2514.png
1122,12,648,2528,project/static/tiles/12/648/2528.png
1123,12,648,2544,project/static/tiles/12/648/2544.png
1124,12,648,2540,project/static/tiles/12/648/2540.png
1125,12,648,2541,project/static/tiles/12/648/2541.png
1126,12,648,2543,project/static/tiles/12/648/2543.png
1127,12,648,2542,project/static/tiles/12/648/2542.png
1128,12,648,2525,project/static/tiles/12/648/2525.png
1129,12,648,2531,project/static/tiles/12/648/2531.png
1130,12,648,2519,project/static/tiles/12/648/2519.png
1131,12,648,2518,project/static/tiles/12/648/2518.png
1132,12,648,2530,project/static/tiles/12/648/2530.png
1133,12,648,2524,project/static/tiles/12/648/2524.png
1134,12,648,2532,project/static/tiles/12/648/2532.png
1135,12,648,2526,project/static/tiles/12/648/2526.png
1136,12,648,2527,project/static/tiles/12/648/2527.png
1137,12,648,2533,project/static/tiles/12/648/2533.png
1138,12,648,2537,project/static/tiles/12/648/2537.png
1139,12,648,2523,project/static/tiles/12/648/2523.png
1140,12,648,2522,project/static/tiles/12/648/2522.png
1141,12,648,2536,project/static/tiles/12/648/2536.png
1142,12,648,2520,project/static/tiles/12/648/2520.png
1143,12,648,2534,project/static/tiles/12/648/2534.png
1144,12,648,2535,project/static/tiles/12/648/2535.png
1145,12,648,2521,project/static/tiles/12/648/2521.png
1146,12,655,2538,project/static/tiles/12/655/2538.png
1147,12,655,2539,project/static/tiles/12/655/2539.png
1148,12,655,2513,project/static/tiles/12/655/2513.png
1149,12,655,2516,project/static/tiles/12/655/2516.png
1150,12,655,2517,project/static/tiles/12/655/2517.png
1151,12,655,2529,project/static/tiles/12/655/2529.png
1152,12,655,2515,project/static/tiles/12/655/2515.png
1153,12,655,2514,project/static/tiles/12/655/2514.png
1154,12,655,2528,project/static/tiles/12/655/2528.png
1155,12,655,2544,project/static/tiles/12/655/2544.png
1156,12,655,2540,project/static/tiles/12/655/2540.png
1157,12,655,2541,project/static/tiles/12/655/2541.png
1158,12,655,2543,project/static/tiles/12/655/2543.png
1159,12,655,2542,project/static/tiles/12/655/2542.png
1160,12,655,2525,project/static/tiles/12/655/2525.png
1161,12,655,2531,project/static/tiles/12/655/2531.png
1162,12,655,2519,project/static/tiles/12/655/2519.png
1163,12,655,2518,project/static/tiles/12/655/2518.png
1164,12,655,2530,project/static/tiles/12/655/2530.png
1165,12,655,2524,project/static/tiles/12/655/2524.png
1166,12,655,2532,project/static/tiles/12/655/2532.png
1167,12,655,2526,project/static/tiles/12/655/2526.png
1168,12,655,2527,project/static/tiles/12/655/2527.png
1169,12,655,2533,project/static/tiles/12/655/2533.png
1170,12,655,2537,project/static/tiles/12/655/2537.png
1171,12,655,2523,project/static/tiles/12/655/2523.png
1172,12,655,2522,project/static/tiles/12/655/2522.png
1173,12,655,2536,project/static/tiles/12/655/2536.png
1174,12,655,2520,project/static/tiles/12/655/2520.png
1175,12,655,2534,project/static/tiles/12/655/2534.png
1176,12,655,2535,project/static/tiles/12/655/2535.png
1177,12,655,2521,project/static/tiles/12/655/2521.png
1178,12,652,2538,project/static/tiles/12/652/2538.png
1179,12,652,2539,project/static/tiles/12/652/2539.png
1180,12,652,2513,project/static/tiles/12/652/2513.png
1181,12,652,2516,project/static/tiles/12/652/2516.png
1182,12,652,2517,project/static/tiles/12/652/2517.png
1183,12,652,2529,project/static/tiles/12/652/2529.png
1184,12,652,2515,project/static/tiles/12/652/2515.png
1185,12,652,2514,project/static/tiles/12/652/2514.png
1186,12,652,2528,project/static/tiles/12/652/2528.png
1187,12,652,2544,project/static/tiles/12/652/2544.png
1188,12,652,2540,project/static/tiles/12/652/2540.png
1189,12,652,2541,project/static/tiles/12/652/2541.png
1190,12,652,2543,project/static/tiles/12/652/2543.png
1191,12,652,2542,project/static/tiles/12/652/2542.png
1192,12,652,2525,project/static/tiles/12/652/2525.png
1193,12,652,2531,project/static/tiles/12/652/2531.png
1194,12,652,2519,project/static/tiles/12/652/2519.png
1195,12,652,2518,project/static/tiles/12/652/2518.png
1196,12,652,2530,project/static/tiles/12/652/2530.png
1197,12,652,2524,project/static/tiles/12/652/2524.png
1198,12,652,2532,project/static/tiles/12/652/2532.png
1199,12,652,2526,project/static/tiles/12/652/2526.png
1200,12,652,2527,project/static/tiles/12/652/2527.png
1201,12,652,2533,project/static/tiles/12/652/2533.png
1202,12,652,2537,project/static/tiles/12/652/2537.png
1203,12,652,2523,project/static/tiles/12/652/2523.png
1204,12,652,2522,project/static/tiles/12/652/2522.png
1205,12,652,2536,project/static/tiles/12/652/2536.png
1206,12,652,2520,project/static/tiles/12/652/2520.png
1207,12,652,2534,project/static/tiles/12/652/2534.png
1208,12,652,2535,project/static/tiles/12/652/2535.png
1209,12,652,2521,project/static/tiles/12/652/2521.png
1210,12,664,2538,project/static/tiles/12/664/2538.png
1211,12,664,2539,project/static/tiles/12/664/2539.png
1212,12,664,2513,project/static/tiles/12/664/2513.png
1213,12,664,2516,project/static/tiles/12/664/2516.png
1214,12,664,2517,project/static/tiles/12/664/2517.png
1215,12,664,2529,project/static/tiles/12/664/2529.png
1216,12,664,2515,project/static/tiles/12/664/2515.png
1217,12,664,2514,project/static/tiles/12/664/2514.png
1218,12,664,2528,project/static/tiles/12/664/2528.png
1219,12,664,2544,project/static/tiles/12/664/2544.png
1220,12,664,2540,project/static/tiles/12/664/2540.png
1221,12,664,2541,project/static/tiles/12/664/2541.png
1222,12,664,2543,project/static/tiles/12/664/2543.png
1223,12,664,2542,project/static/tiles/12/664/2542.png
1224,12,664,2525,project/static/tiles/12/664/2525.png
1225,12,664,2531,project/static/tiles/12/664/2531.png
1226,12,664,2519,project/static/tiles/12/664/2519.png
1227,12,664,2518,project/static/tiles/12/664/2518.png
1228,12,664,2530,project/static/tiles/12/664/2530.png
1229,12,664,2524,project/static/tiles/12/664/2524.png
1230,12,664,2532,project/static/tiles/12/664/2532.png
1231,12,664,2526,project/static/tiles/12/664/2526.png
1232,12,664,2527,project/static/tiles/12/664/2527.png
1233,12,664,2533,project/static/tiles/12/664/2533.png
1234,12,664,2537,project/static/tiles/12/664/2537.png
1235,12,664,2523,project/static/tiles/12/664/2523.png
1236,12,664,2522,project/static/tiles/12/664/2522.png
1237,12,664,2536,project/static/tiles/12/664/2536.png
1238,12,664,2520,project/static/tiles/12/664/2520.png
1239,12,664,2534,project/static/tiles/12/664/2534.png
1240,12,664,2535,project/static/tiles/12/664/2535.png
1241,12,664,2521,project/static/tiles/12/664/2521.png
1242,12,663,2538,project/static/tiles/12/663/2538.png
1243,12,663,2539,project/static/tiles/12/663/2539.png
1244,12,663,2513,project/static/tiles/12/663/2513.png
1245,12,663,2516,project/static/tiles/12/663/2516.png
1246,12,663,2517,project/static/tiles/12/663/2517.png
1247,12,663,2529,project/static/tiles/12/663/2529.png
1248,12,663,2515,project/static/tiles/12/663/2515.png
1249,12,663,2514,project/static/tiles/12/663/2514.png
1250,12,663,2528,project/static/tiles/12/663/2528.png
1251,12,663,2544,project/static/tiles/12/663/2544.png
1252,12,663,2540,project/static/tiles/12/663/2540.png
1253,12,663,2541,project/static/tiles/12/663/2541.png
1254,12,663,2543,project/static/tiles/12/663/2543.png
1255,12,663,2542,project/static/tiles/12/663/2542.png
1256,12,663,2525,project/static/tiles/12/663/2525.png
1257,12,663,2531,project/static/tiles/12/663/2531.png
1258,12,663,2519,project/static/tiles/12/663/2519.png
1259,12,663,2518,project/static/tiles/12/663/2518.png
1260,12,663,2530,project/static/tiles/12/663/2530.png
1261,12,663,2524,project/static/tiles/12/663/2524.png
1262,12,663,2532,project/static/tiles/12/663/2532.png
1263,12,663,2526,project/static/tiles/12/663/2526.png
1264,12,663,2527,project/static/tiles/12/663/2527.png
1265,12,663,2533,project/static/tiles/12/663/2533.png
1266,12,663,2537,project/static/tiles/12/663/2537.png
1267,12,663,2523,project/static/tiles/12/663/2523.png
1268,12,663,2522,project/static/tiles/12/663/2522.png
1269,12,663,2536,project/static/tiles/12/663/2536.png
1270,12,663,2520,project/static/tiles/12/663/2520.png
1271,12,663,2534,project/static/tiles/12/663/2534.png
1272,12,663,2535,project/static/tiles/12/663/2535.png
1273,12,663,2521,project/static/tiles/12/663/2521.png
1274,12,662,2538,project/static/tiles/12/662/2538.png
1275,12,662,2539,project/static/tiles/12/662/2539.png
1276,12,662,2513,project/static/tiles/12/662/2513.png
1277,12,662,2516,project/static/tiles/12/662/2516.png
1278,12,662,2517,project/static/tiles/12/662/2517.png
1279,12,662,2529,project/static/tiles/12/662/2529.png
1280,12,662,2515,project/static/tiles/12/662/2515.png
1281,12,662,2514,project/static/tiles/12/662/2514.png
1282,12,662,2528,project/static/tiles/12/662/2528.png
1283,12,662,2544,project/static/tiles/12/662/2544.png
1284,12,662,2540,project/static/tiles/12/662/2540.png
1285,12,662,2541,project/static/tiles/12/662/2541.png
1286,12,662,2543,project/static/tiles/12/662/2543.png
1287,12,662,2542,project/static/tiles/12/662/2542.png
1288,12,662,2525,project/static/tiles/12/662/2525.png
1289,12,662,2531,project/static/tiles/12/662/2531.png
1290,12,662,2519,project/static/tiles/12/662/2519.png
1291,12,662,2518,project/static/tiles/12/662/2518.png
1292,12,662,2530,project/static/tiles/12/662/2530.png
1293,12,662,2524,project/static/tiles/12/662/2524.png
1294,12,662,2532,project/static/tiles/12/662/2532.png
1295,12,662,2526,project/static/tiles/12/662/2526.png
1296,12,662,2527,project/static/tiles/12/662/2527.png
1297,12,662,2533,project/static/tiles/12/662/2533.png
1298,12,662,2537,project/static/tiles/12/662/2537.png
1299,12,662,2523,project/static/tiles/12/662/2523.png
1300,12,662,2522,project/static/tiles/12/662/2522.png
1301,12,662,2536,project/static/tiles/12/662/2536.png
1302,12,662,2520,project/static/tiles/12/662/2520.png
1303,12,662,2534,project/static/tiles/12/662/2534.png
1304,12,662,2535,project/static/tiles/12/662/2535.png
1305,12,662,2521,project/static/tiles/12/662/2521.png
1306,12,665,2538,project/static/tiles/12/665/2538.png
1307,12,665,2539,project/static/tiles/12/665/2539.png
1308,12,665,2513,project/static/tiles/12/665/2513.png
1309,12,665,2516,project/static/tiles/12/665/2516.png
1310,12,665,2517,project/static/tiles/12/665/2517.png
1311,12,665,2529,project/static/tiles/12/665/2529.png
1312,12,665,2515,project/static/tiles/12/665/2515.png
1313,12,665,2514,project/static/tiles/12/665/2514.png
1314,12,665,2528,project/static/tiles/12/665/2528.png
1315,12,665,2544,project/static/tiles/12/665/2544.png
1316,12,665,2540,project/static/tiles/12/665/2540.png
1317,12,665,2541,project/static/tiles/12/665/2541.png
1318,12,665,2543,project/static/tiles/12/665/2543.png
1319,12,665,2542,project/static/tiles/12/665/2542.png
1320,12,665,2525,project/static/tiles/12/665/2525.png
1321,12,665,2531,project/static/tiles/12/665/2531.png
1322,12,665,2519,project/static/tiles/12/665/2519.png
1323,12,665,2518,project/static/tiles/12/665/2518.png
1324,12,665,2530,project/static/tiles/12/665/2530.png
1325,12,665,2524,project/static/tiles/12/665/2524.png
1326,12,665,2532,project/static/tiles/12/665/2532.png
1327,12,665,2526,project/static/tiles/12/665/2526.png
1328,12,665,2527,project/static/tiles/12/665/2527.png
1329,12,665,2533,project/static/tiles/12/665/2533.png
1330,12,665,2537,project/static/tiles/12/665/2537.png
1331,12,665,2523,project/static/tiles/12/665/2523.png
1332,12,665,2522,project/static/tiles/12/665/2522.png
1333,12,665,2536,project/static/tiles/12/665/2536.png
1334,12,665,2520,project/static/tiles/12/665/2520.png
1335,12,665,2534,project/static/tiles/12/665/2534.png
1336,12,665,2535,project/static/tiles/12/665/2535.png
1337,12,665,2521,project/static/tiles/12/665/2521.png
1338,12,653,2538,project/static/tiles/12/653/2538.png
1339,12,653,2539,project/static/tiles/12/653/2539.png
1340,12,653,2513,project/static/tiles/12/653/2513.png
1341,12,653,2516,project/static/tiles/12/653/2516.png
1342,12,653,2517,project/static/tiles/12/653/2517.png
1343,12,653,2529,project/static/tiles/12/653/2529.png
1344,12,653,2515,project/static/tiles/12/653/2515.png
1345,12,653,2514,project/static/tiles/12/653/2514.png
1346,12,653,2528,project/static/tiles/12/653/2528.png
1347,12,653,2544,project/static/tiles/12/653/2544.png
1348,12,653,2540,project/static/tiles/12/653/2540.png
1349,12,653,2541,project/static/tiles/12/653/2541.png
1350,12,653,2543,project/static/tiles/12/653/2543.png
1351,12,653,2542,project/static/tiles/12/653/2542.png
1352,12,653,2525,project/static/tiles/12/653/2525.png
1353,12,653,2531,project/static/tiles/12/653/2531.png
1354,12,653,2519,project/static/tiles/12/653/2519.png
1355,12,653,2518,project/static/tiles/12/653/2518.png
1356,12,653,2530,project/static/tiles/12/653/2530.png
1357,12,653,2524,project/static/tiles/12/653/2524.png
1358,12,653,2532,project/static/tiles/12/653/2532.png
1359,12,653,2526,project/static/tiles/12/653/2526.png
1360,12,653,2527,project/static/tiles/12/653/2527.png
1361,12,653,2533,project/static/tiles/12/653/2533.png
1362,12,653,2537,project/static/tiles/12/653/2537.png
1363,12,653,2523,project/static/tiles/12/653/2523.png
1364,12,653,2522,project/static/tiles/12/653/2522.png
1365,12,653,2536,project/static/tiles/12/653/2536.png
1366,12,653,2520,project/static/tiles/12/653/2520.png
1367,12,653,2534,project/static/tiles/12/653/2534.png
1368,12,653,2535,project/static/tiles/12/653/2535.png
1369,12,653,2521,project/static/tiles/12/653/2521.png
1370,12,654,2538,project/static/tiles/12/654/2538.png
1371,12,654,2539,project/static/tiles/12/654/2539.png
1372,12,654,2513,project/static/tiles/12/654/2513.png
1373,12,654,2516,project/static/tiles/12/654/2516.png
1374,12,654,2517,project/static/tiles/12/654/2517.png
1375,12,654,2529,project/static/tiles/12/654/2529.png
1376,12,654,2515,project/static/tiles/12/654/2515.png
1377,12,654,2514,project/static/tiles/12/654/2514.png
1378,12,654,2528,project/static/tiles/12/654/2528.png
1379,12,654,2544,project/static/tiles/12/654/2544.png
1380,12,654,2540,project/static/tiles/12/654/2540.png
1381,12,654,2541,project/static/tiles/12/654/2541.png
1382,12,654,2543,project/static/tiles/12/654/2543.png
1383,12,654,2542,project/static/tiles/12/654/2542.png
1384,12,654,2525,project/static/tiles/12/654/2525.png
1385,12,654,2531,project/static/tiles/12/654/2531.png
1386,12,654,2519,project/static/tiles/12/654/2519.png
1387,12,654,2518,project/static/tiles/12/654/2518.png
1388,12,654,2530,project/static/tiles/12/654/2530.png
1389,12,654,2524,project/static/tiles/12/654/2524.png
1390,12,654,2532,project/static/tiles/12/654/2532.png
1391,12,654,2526,project/static/tiles/12/654/2526.png
1392,12,654,2527,project/static/tiles/12/654/2527.png
1393,12,654,2533,project/static/tiles/12/654/2533.png
1394,12,654,2537,project/static/tiles/12/654/2537.png
1395,12,654,2523,project/static/tiles/12/654/2523.png
1396,12,654,2522,project/static/tiles/12/654/2522.png
1397,12,654,2536,project/static/tiles/12/654/2536.png
1398,12,654,2520,project/static/tiles/12/654/2520.png
1399,12,654,2534,project/static/tiles/12/654/2534.png
1400,12,654,2535,project/static/tiles/12/654/2535.png
1401,12,654,2521,project/static/tiles/12/654/2521.png
